{
    "common": {
        "400_error": "Bad Request.",
        "no_user_err": "User not found.",
        "no_data_err": "Data not found.",
        "invalid": "Invalid inputs",
        "success": "Signup successfully.",
        "error": "Signup failed."
    },
    "user": {
        "signup": {
            "success": "Signup successfully.",
            "error": "Signup failed."
        },
        "ambessador": {
            "success": "Submitted successfully.",
            "error": "Error while saving."
        },
        "login": {
            "success": "Login successfully.",
            "error": "Invalid login credentials.",
            "active": "User not activated."
        },
        "password": {
            "verif_link": "Verification link sent successfully, please check your email inbox.",
            "verif_link_err": "Verification link is not valid.",
            "email_exist": "Email is not registered with us.",
            "reset_success": "Password reset successfully.",
            "update_success": "Password updated successfully.",
            "confirm_pass_err": "Confirm password not matched.",
            "old_pass_err": "Old password not matched"
        },
        "profile": {
            "update_success": "Profile updated successfully."
        },
        "forgot_password": {
            "success": "Data retrieved successfully.",
            "error": "Data not found."
        }
    },

    "admin": {
        "add_course": {
            "success": "Course added successfully.",
            "error": "Failed to add course."
        },
        "get_course": {
            "success": "Courses get successfully.",
            "error": "Failed to get courses."
        },
        "update_course": {
            "success": "Course updated successfully.",
            "error": "Failed to update course."
        },
        "delete_course": {
            "success": "Courses deleted successfully.",
            "error": "Failed to delete courses."
        }

    }
}